<beans xmlns="http://www.springframework.org/schema/beans"
xmlns:context="http://www.springframework.org/schema/context"
xmlns:xsi="http://www.w3.org/2001/XMLSchema-instance"
xmlns:mvc="http://www.springframework.org/schema/mvc"
xsi:schemaLocation="
 http://www.springframework.org/schema/beans
 http://www.springframework.org/schema/beans/spring-beans.xsd
 http://www.springframework.org/schema/context
 http://www.springframework.org/schema/context/spring-context.xsd
 http://www.springframework.org/schema/mvc
 http://www.springframework.org/schema/mvc/spring-mvc.xsd">
  <!-- provide support for component scanning DI- Controllers locatio -->
  <context:component-scan base-package="com.cts"/>
  <!-- view layerlocation -->
<bean id="viewResolver" class="org.springframework.web.servlet.view.InternalResourceViewResolver">
 <property name="prefix" value="/WEB-INF/ctsjsp/"></property>
 <property name="suffix" value=".jsp"></property>
</bean>
<!-- automaticaly scan all the classes inside the package which are marked with @component annotation -->
<context:component-scan base-package="com.cts,com.dao"/>
<context:property-placeholder location="classpath:mydb.properties"/>
<bean id="database1" class="org.springframework.jdbc.datasource.DriverManagerDataSource">
<property name="driverClassName" value="${driver}"/>
<property name="url" value="${dburl}"/>
<property name="username" value="${dbuser}"/>
<property name="password" value="${dbpass}"/>
</bean>
<bean id="dbconn" class="org.springframework.jdbc.core.JdbcTemplate">
<property name="dataSource" ref="database1"/>
</bean>
<bean id="db21" class="com.dao.EmpJDBCController">
<property name="template1" ref="dbconn"/>
</bean>
<!-- @responsebody:json -->
<mvc:annotation-driven>
<mvc:message-converters>
<bean class="org.springframework.http.converter.StringHttpMessageConverter"/>
<bean class="org.springframework.http.converter.json.MappingJackson2HttpMessageConverter"/>
</mvc:message-converters>
</mvc:annotation-driven>
<!-- For reading the properties files -->
<bean id="messageSource" class="org.springframework.context.support.ReloadableResourceBundleMessageSource">

<property name="basename" value="/WEB-INF/ResourceBundle/login"></property>

</bean>
<!-- Locale(language) Change Interceptor to achieve Internationalization -->
<mvc:interceptors>
<mvc:interceptor>
<mvc:mapping path="/user_i18n"/>
<bean class="org.springframework.web.servlet.i18n.LocaleChangeInterceptor">
<property name="paramName" value="lang"></property>
</bean>
</mvc:interceptor>
</mvc:interceptors>
<!-- Cookie Resolver to accept HTTP HEADERS -->
<bean id="localeResolver" class="org.springframework.web.servlet.i18n.CookieLocaleResolver"></bean>
 </beans>