<?xml version="1.0" encoding="UTF-8"?>
<beans xmlns="http://www.springframework.org/schema/beans"
    xmlns:xsi="http://www.w3.org/2001/XMLSchema-instance"
    xmlns:context="http://www.springframework.org/schema/context" xsi:schemaLocation="
        http://www.springframework.org/schema/beans http://www.springframework.org/schema/beans/spring-beans.xsd
        http://www.springframework.org/schema/context http://www.springframework.org/schema/context/spring-context.xsd"> <!-- bean definitions here -->

<bean id="bean1" class="com.test.FirstBean">
<property name="name" value="Hema"></property>
</bean>
<bean id="myaddr" class="com.test.Address">
<constructor-arg value="Chennai"></constructor-arg>
<constructor-arg value="India"></constructor-arg>
</bean>

<bean id="emp" class="com.test.EmployeeBean">
<constructor-arg value="1001"></constructor-arg>
<constructor-arg value="Hema"></constructor-arg>
<constructor-arg>
<ref bean="myaddr"/>
</constructor-arg>
</bean>
<bean id="stud" class="com.test.Student" abstract="true">
<property name="sid" value="11"></property>
<property name="name" value="Hema"></property>
</bean>
<bean id="c1" class="com.test.Student_Course" parent="stud">
<property name="name" value="Shivani"></property>
<property name="cid" value="12"></property>
<property name="cname" value="Spring"></property>
</bean>
<context:property-placeholder location="classpath:mydb.properties,Springuser.properties" />
<bean id="prop1" class="com.test.UserProperties">
<property name="user" value="${u1}"></property>
<property name="role" value="${r1}"></property>
<property name="email" value="${e1}"></property>
</bean>

<bean id="b11" class="com.test.Branch">
<property name="city" value="Chennai"></property>
<property name="state" value="Tamilnadu"></property>
 </bean>
 <!-- ref attribute in setter injection -->
<bean id="bank_aw" class="com.test.Bank">
<property name="name" value="SBI"></property>
<property name="manager" value="Hema"></property>
<property name="b1" ref="b11"></property> 
</bean>

<!-- AutoWiring:
 Autowiring feature of spring framework enables you to inject the object dependency implicitly.
 It internally uses stter or constructor injection. 
 Autowiring can't be used to inject primitive and string values.
 It works with reference only.
 The autowiring functionality has four modes.
 There are "no", "byName", "byType", and "constuctor". Default is "no".
 Hence we used ref attribute in the above bean property tag. -->
 
<!-- ID NAME AND REFERENCE SHOULD BE SAME Branch b1; ==>  bean id="b1"  -->

<bean id="b1" class="com.test.Branch" autowire="byName">
<property name="city" value="Chennai"></property>
<property name="state" value="Tamilnadu"></property>
</bean>
<!-- no ref tag -->
<!-- Mapping the bean exact(same) object called b1 if using autowire=byName 
 BYNAME(MAPPING BEAN CLASS(B1) TO ID(B1)-->
<bean id="bank_aw1" class="com.test.Bank">
<property name="name" value="SBI"></property>
<property name="manager" value="Hema"></property>
</bean>


<!-- Autowire="constructor" -->

<bean id="myemp2" class="com.test.EmployeeBean" autowire="constructor">
<constructor-arg value="1" type="int">
</constructor-arg>
<constructor-arg value="Shivani">
</constructor-arg>
</bean>

<!-- Autowiring Anootation -->
<!-- Used to activate the 
@Autowired annotation in string  -->
<context:annotation-config></context:annotation-config>
<bean id="b18" class="com.test.Branch">
<property name="city" value="Bengalore"></property>
<property name="state" value="Karnataka"></property>
</bean>

<bean id="anno1" class="com.test.Bank_Autowire">
<property name="bankname" value="AXIS"></property>
<property name="mgrname" value="Raja"></property>
</bean>

<bean id="l1" class="com.test.Vendor_Coll">
<property name="vid" value="101"></property>
<property name="vname" value="blt"></property>
<property name="cus_name">
<list>
<value>cts</value>
<value>tcs</value>
<value>hcl</value>
<value>hcl</value>
</list>
</property>
</bean>
<bean id="t1" class="com.test.Technology_Coll">
<property name="techname" value="Servlets"></property>
<property name="assessment" value="no"></property>
</bean>
<bean id="t2" class="com.test.Technology_Coll">
<property name="techname" value="Jsp"></property>
<property name="assessment" value="no"></property>
</bean>
<!--  Collection injection with ref tag -->
<bean id="tr1" class="com.test.Training_Coll">
<property name="batchno" value="2"></property>
<property name="projectname" value="Health care"></property>
<property name="tc1">
<list>
<ref bean="t1"></ref>
<ref bean="t2"></ref>
</list>
</property>
</bean>
<bean id="asmap1" class="com.test.Assessment_MapCollection">
<property name="sid" value="1"></property>
<property name="sname" value="Hema"></property>
<property name="test_details">
<map>
<entry key="jsp" value="no"></entry>
<entry key="jstl" value="no"></entry>
<entry key="jsp" value="yes"></entry>
</map>
</property>
</bean>
<!-- Collection constructor injection -->
<bean id="setcol" class="com.test.Vendor_Collection">
<constructor-arg value="1"></constructor-arg>
<constructor-arg value="BTL2"></constructor-arg>
<constructor-arg>
<set>
<value>cts</value>
<value>tcs</value>
<value>hcl</value>
<value>tcs</value>
<value>cts</value>
</set>
</constructor-arg>
</bean>   
<!-- automatically scan all the  classes inside the package, which are marked with @Component annotation. -->
<context:component-scan base-package="com.test"></context:component-scan>

<bean id="database1" class="org.springframework.jdbc.datasource.DriverManagerDataSource">
<property name="driverClassName" value="${driver}"/>
<property name="url" value="${dburl}"></property>
<property name="username" value="${dbuser}"></property>
<property name="password" value="${dbpass}"></property>
</bean>
<bean id="mydatabase" class="com.dao.Employee_JdbcTemplate1">
<property name="datasource" ref="database1"></property>
</bean>
</beans>